Fuel,Steam Flow,Steam Temp,MegaWatts,Cool Temp,Pressure
7247.685982,4374.306382,2.948185703,0.534165026,0.208801062,0.049734746
