Fuel,Steam Flow,Steam Temp,MegaWatts,Cool Temp,Pressure
7247.69,4374.30638,2.9481857,0.534165,0.2088011,0.049735
