Fuel,Steam Flow,Steam Temp,MegaWatts,Cool Temp,Pressure
237596,179015.786,846.392857,20.647143,53.871429,29.13929
