Fuel,Steam Flow,Steam Temp,MegaWatts,Cool Temp,Pressure
237595.7857,179015.7857,846.3928571,20.64714286,53.87142857,29.13928571
