Last PC,2nd Last PC
0.357142857,0.196428571
0.464285714,0.142857143
0.25,0.017857143
0.392857143,0.214285714
0.428571429,0
0,0
0,0
0.25,0
